-- phpMyAdmin SQL Dump
-- version 4.7.4
-- https://www.phpmyadmin.net/
--
-- 主機: 127.0.0.1
-- 產生時間： 2023-05-03 12:58:39
-- 伺服器版本: 10.1.30-MariaDB
-- PHP 版本： 5.6.33

SET SQL_MODE = "NO_AUTO_VALUE_ON_ZERO";
SET AUTOCOMMIT = 0;
START TRANSACTION;
SET time_zone = "+00:00";


/*!40101 SET @OLD_CHARACTER_SET_CLIENT=@@CHARACTER_SET_CLIENT */;
/*!40101 SET @OLD_CHARACTER_SET_RESULTS=@@CHARACTER_SET_RESULTS */;
/*!40101 SET @OLD_COLLATION_CONNECTION=@@COLLATION_CONNECTION */;
/*!40101 SET NAMES utf8mb4 */;

--
-- 資料庫： `webscraper`
--

-- --------------------------------------------------------

--
-- 資料表結構 `productprice`
--

CREATE TABLE `productprice` (
  `id` int(100) NOT NULL,
  `type_id` int(100) NOT NULL,
  `supermarket_id` int(10) NOT NULL,
  `product_name` varchar(100) CHARACTER SET utf8 COLLATE utf8_bin DEFAULT 'sold',
  `price` float DEFAULT NULL,
  `date` date NOT NULL
) ENGINE=InnoDB DEFAULT CHARSET=latin1;

--
-- 資料表的匯出資料 `productprice`
--

INSERT INTO `productprice` (`id`, `type_id`, `supermarket_id`, `product_name`, `price`, `date`) VALUES
(23, 1, 1, '滴露 消毒藥水 1.2L', 89.9, '2023-03-03'),
(24, 1, 2, '滴露 - 滴露消毒藥水 1.2L', 80.9, '2023-03-03'),
(25, 1, 3, ' 滴露  消毒藥水 1200ML', 89.9, '2023-03-03'),
(26, 2, 1, '滴潔 清新檸檬洗潔精 超勁去油漬威力 800ML', 23.9, '2023-03-03'),
(27, 2, 2, '滴潔 - 清新檸檬洗潔精 超勁去油漬威力', 23.9, '2023-03-03'),
(28, 2, 3, ' 滴潔-  滴潔洗潔精-清新檸檬800ML 800ML', 24.9, '2023-03-03'),
(29, 3, 1, '刀嘜 金裝濃香花生油 (優惠裝) 900MLX4', 144.9, '2023-03-03'),
(30, 3, 2, '刀嘜 - 刀嘜金裝濃香花生油900MLX4', 141.9, '2023-03-03'),
(31, 3, 3, ' 刀嘜  金裝濃香花生油 (隨機發貨) 4X900ML', 137.9, '2023-03-03'),
(32, 4, 1, '金象牌 頂上茉莉香米 8KG', 96.9, '2023-03-03'),
(33, 4, 2, '金象牌 - 頂上茉莉香米 8公斤 #金象#金象牌#香米#米#煮食#煮飯#煲仔飯', 110.9, '2023-03-03'),
(34, 5, 1, '李錦記 套裝-特鮮生抽 500MLX3', 25.5, '2023-03-03'),
(35, 5, 2, '李錦記 - 特鮮生抽 優惠裝', 26.5, '2023-03-03'),
(36, 5, 3, ' 李錦記  特鮮生抽三支裝 PACK', 27, '2023-03-03'),
(37, 6, 1, '維達 4D DELUXE 4層立體壓花衛生紙-爽身粉淡香(原箱單卷裝) 27\'S', 79, '2023-03-03'),
(38, 6, 2, '維達 - [原箱27卷] 4D Deluxe 4層立體壓花衛生紙單卷裝 #紙巾#廁紙#無香#棉柔觸感#網店獨家', 79, '2023-03-03'),
(39, 6, 3, ' 維達  維達4D立體壓花4層衞生紙27卷裝(原箱) 27s', 82, '2023-03-03'),
(40, 7, 1, '花王潔霸 抗菌超濃縮洗衣液(優惠孖裝) 2LX2', 79.8, '2023-03-03'),
(41, 7, 2, '潔霸 - [優惠孖裝] 抗菌超濃縮洗衣液', 65.9, '2023-03-03'),
(42, 1, 1, '滴露 消毒藥水 1.2L', 89.9, '2023-03-06'),
(43, 1, 2, '滴露 - 滴露消毒藥水 1.2L', 80.9, '2023-03-06'),
(44, 1, 3, ' 滴露  消毒藥水 1200ML', 89.9, '2023-03-06'),
(45, 2, 1, '滴潔 清新檸檬洗潔精 超勁去油漬威力 800ML', 23.9, '2023-03-06'),
(46, 2, 2, '滴潔 - 清新檸檬洗潔精 超勁去油漬威力', 23.9, '2023-03-06'),
(47, 2, 3, ' 滴潔-  滴潔洗潔精-清新檸檬800ML 800ML', 24.9, '2023-03-06'),
(48, 3, 1, '刀嘜 金裝濃香花生油 (優惠裝) 900MLX4', 137.9, '2023-03-06'),
(49, 3, 2, '刀嘜 - 刀嘜金裝濃香花生油900MLX4', 141.9, '2023-03-06'),
(50, 3, 3, ' 刀嘜  金裝濃香花生油 (隨機發貨) 4X900ML', 137.9, '2023-03-06'),
(51, 4, 1, '金象牌 頂上茉莉香米 8KG', 138.9, '2023-03-06'),
(52, 4, 2, '金象牌 - 頂上茉莉香米 8公斤 #金象#金象牌#香米#米#煮食#煮飯#煲仔飯', 110.9, '2023-03-06'),
(53, 5, 1, '李錦記 套裝-特鮮生抽 500MLX3', 25.5, '2023-03-06'),
(54, 5, 2, '李錦記 - 特鮮生抽 優惠裝', 26.5, '2023-03-06'),
(55, 5, 3, ' 李錦記  特鮮生抽三支裝 PACK', 27, '2023-03-06'),
(56, 6, 1, '維達 4D DELUXE 4層立體壓花衛生紙-爽身粉淡香(原箱單卷裝) 27\'S', 83, '2023-03-06'),
(57, 6, 2, '維達 - [原箱27卷] 4D Deluxe 4層立體壓花衛生紙單卷裝 #紙巾#廁紙#無香#棉柔觸感#網店獨家', 79, '2023-03-06'),
(58, 6, 3, ' 維達  維達4D立體壓花4層衞生紙27卷裝(原箱) 27s', 82, '2023-03-06'),
(59, 7, 1, '花王潔霸 抗菌超濃縮洗衣液(優惠孖裝) 2LX2', 79.8, '2023-03-06'),
(60, 7, 2, '潔霸 - [優惠孖裝] 抗菌超濃縮洗衣液', 60, '2023-03-06'),
(61, 1, 1, '滴露 消毒藥水 1.2L', 89.9, '2023-03-11'),
(62, 1, 2, '滴露 - 滴露消毒藥水 1.2L', 80.9, '2023-03-11'),
(63, 1, 3, ' 滴露  消毒藥水 1200ML', 89.9, '2023-03-11'),
(64, 2, 1, '滴潔 清新檸檬洗潔精 超勁去油漬威力 800ML', 23.9, '2023-03-11'),
(65, 2, 2, '滴潔 - 清新檸檬洗潔精 超勁去油漬威力', 23.9, '2023-03-11'),
(66, 2, 3, ' 滴潔-  滴潔洗潔精-清新檸檬800ML 800ML', 24.9, '2023-03-11'),
(67, 3, 1, '刀嘜 金裝濃香花生油 (優惠裝) 900MLX4', 137.9, '2023-03-11'),
(68, 3, 2, '刀嘜 - 刀嘜金裝濃香花生油900MLX4', 141.9, '2023-03-11'),
(69, 3, 3, ' 刀嘜  金裝濃香花生油 (隨機發貨) 4X900ML', 137.9, '2023-03-11'),
(70, 4, 1, '金象牌 頂上茉莉香米 8KG', 138.9, '2023-03-11'),
(71, 5, 1, '李錦記 套裝-特鮮生抽 500MLX3', 25.5, '2023-03-11'),
(72, 5, 2, '李錦記 - 特鮮生抽 優惠裝', 26.5, '2023-03-11'),
(73, 5, 3, ' 李錦記  特鮮生抽三支裝 PACK', 27, '2023-03-11'),
(74, 6, 1, '維達 4D DELUXE 4層立體壓花衛生紙-爽身粉淡香(原箱單卷裝) 27\'S', 83, '2023-03-11'),
(75, 6, 2, '維達 - [原箱27卷] 4D Deluxe 4層立體壓花衛生紙單卷裝 #紙巾#廁紙#無香#棉柔觸感#網店獨家', 79, '2023-03-11'),
(76, 6, 3, ' 維達  維達4D立體壓花4層衞生紙27卷裝(原箱) 27s', 82, '2023-03-11'),
(77, 1, 1, '滴露 消毒藥水 1.2L', 89.9, '2023-03-16'),
(78, 1, 2, '滴露 - 滴露消毒藥水 1.2L', 79.9, '2023-03-16'),
(79, 1, 3, ' 滴露  消毒藥水 1200ML', 89.9, '2023-03-16'),
(80, 2, 1, '滴潔 清新檸檬洗潔精 超勁去油漬威力 800ML', 23.9, '2023-03-16'),
(81, 2, 2, '滴潔 - 清新檸檬洗潔精 超勁去油漬威力', 23.9, '2023-03-16'),
(82, 2, 3, ' 滴潔-  滴潔洗潔精-清新檸檬800ML 800ML', 24.9, '2023-03-16'),
(83, 3, 1, '刀嘜 金裝濃香花生油 (優惠裝) 900MLX4', 137.9, '2023-03-16'),
(84, 3, 2, '刀嘜 - 刀嘜金裝濃香花生油900MLX4', 141.9, '2023-03-16'),
(85, 3, 3, ' 刀嘜  金裝濃香花生油 (隨機發貨) 4X900ML', 137.9, '2023-03-16'),
(86, 4, 1, '金象牌 頂上茉莉香米 8KG', 138.9, '2023-03-16'),
(87, 4, 2, '金象牌 - 頂上茉莉香米 8公斤 #金象#金象牌#香米#米#煮食#煮飯#煲仔飯', 110.9, '2023-03-16'),
(88, 5, 1, '李錦記 套裝-特鮮生抽 500MLX3', 27.8, '2023-03-16'),
(89, 5, 2, '李錦記 - 特鮮生抽 優惠裝', 26.5, '2023-03-16'),
(90, 5, 3, ' 李錦記  特鮮生抽三支裝 PACK', 27, '2023-03-16'),
(91, 6, 1, '維達 4D DELUXE 4層立體壓花衛生紙-爽身粉淡香(原箱單卷裝) 27\'S', 85, '2023-03-16'),
(92, 6, 2, '維達 - [原箱27卷] 4D Deluxe 4層立體壓花衛生紙單卷裝 #紙巾#廁紙#無香#棉柔觸感#網店獨家', 79, '2023-03-16'),
(93, 6, 3, ' 維達  維達4D立體壓花4層衞生紙27卷裝(原箱) 27s', 82, '2023-03-16'),
(94, 1, 1, '滴露 消毒藥水 1.2L', 89.9, '2023-03-19'),
(95, 2, 1, '滴潔 清新檸檬洗潔精 超勁去油漬威力 800ML', 23.9, '2023-03-19'),
(96, 2, 2, '滴潔 - 清新檸檬洗潔精 超勁去油漬威力', 23.9, '2023-03-19'),
(97, 2, 3, ' 滴潔-  滴潔洗潔精-清新檸檬800ML 800ML', 24.9, '2023-03-19'),
(98, 3, 1, '刀嘜 金裝濃香花生油 (優惠裝) 900MLX4', 137.9, '2023-03-19'),
(99, 3, 2, '刀嘜 - 刀嘜金裝濃香花生油900MLX4', 141.9, '2023-03-19'),
(100, 3, 3, ' 刀嘜  金裝濃香花生油 (隨機發貨) 4X900ML', 139.9, '2023-03-19'),
(101, 4, 1, '金象牌 頂上茉莉香米 8KG', 138.9, '2023-03-19'),
(102, 4, 2, '金象牌 - 頂上茉莉香米 8公斤 #金象#金象牌#香米#米#煮食#煮飯#煲仔飯', 110.9, '2023-03-19'),
(103, 5, 1, '李錦記 套裝-特鮮生抽 500MLX3', 27.8, '2023-03-19'),
(104, 5, 2, '李錦記 - 特鮮生抽 優惠裝', 26.5, '2023-03-19'),
(105, 5, 3, ' 李錦記  特鮮生抽三支裝 PACK', 27, '2023-03-19'),
(106, 6, 1, '維達 4D DELUXE 4層立體壓花衛生紙-爽身粉淡香(原箱單卷裝) 27\'S', 85, '2023-03-19'),
(107, 6, 2, '維達 - [原箱27卷] 4D Deluxe 4層立體壓花衛生紙單卷裝 #紙巾#廁紙#無香#棉柔觸感#網店獨家', 79, '2023-03-19'),
(108, 6, 3, ' 維達  維達4D立體壓花4層衞生紙27卷裝(原箱) 27s', 95, '2023-03-19'),
(109, 1, 1, '滴露 消毒藥水 1.2L', 89.9, '2023-03-23'),
(110, 1, 2, '滴露 - 滴露消毒藥水 1.2L', 79.9, '2023-03-23'),
(111, 2, 1, '滴潔 清新檸檬洗潔精 超勁去油漬威力 800ML', 23.9, '2023-03-23'),
(112, 2, 2, '滴潔 - 清新檸檬洗潔精 超勁去油漬威力', 23.9, '2023-03-23'),
(113, 3, 1, '刀嘜 金裝濃香花生油 (優惠裝) 900MLX4', 137.9, '2023-03-23'),
(114, 3, 2, '刀嘜 - 刀嘜金裝濃香花生油900MLX4', 141.9, '2023-03-23'),
(115, 3, 3, ' 刀嘜  金裝濃香花生油 (隨機發貨) 4X900ML', 139.9, '2023-03-23'),
(116, 4, 1, '金象牌 頂上茉莉香米 8KG', 138.9, '2023-03-23'),
(117, 4, 2, '金象牌 - 頂上茉莉香米 8公斤 #金象#金象牌#香米#米#煮食#煮飯#煲仔飯', 110.9, '2023-03-23'),
(118, 5, 1, '李錦記 套裝-特鮮生抽 500MLX3', 25.5, '2023-03-23'),
(119, 5, 2, '李錦記 - 特鮮生抽 優惠裝', 26.5, '2023-03-23'),
(120, 5, 3, ' 李錦記  特鮮生抽三支裝 PACK', 27, '2023-03-23'),
(121, 6, 1, '維達 4D DELUXE 4層立體壓花衛生紙-爽身粉淡香(原箱單卷裝) 27\'S', 82, '2023-03-23'),
(122, 6, 2, '維達 - [原箱27卷] 4D Deluxe 4層立體壓花衛生紙單卷裝 #紙巾#廁紙#無香#棉柔觸感#網店獨家', 80.9, '2023-03-23'),
(123, 6, 3, ' 維達  維達4D立體壓花4層衞生紙27卷裝(原箱) 27s', 95, '2023-03-23'),
(142, 1, 1, '滴露 消毒藥水 1.2L', 89.9, '2023-03-27'),
(143, 1, 2, '滴露 - 滴露消毒藥水 1.2L', 80.9, '2023-03-27'),
(144, 1, 3, ' 滴露  消毒藥水 1200ML', 89.9, '2023-03-27'),
(145, 2, 1, '滴潔 清新檸檬洗潔精 超勁去油漬威力 800ML', 23.9, '2023-03-27'),
(146, 2, 2, '滴潔 - 清新檸檬洗潔精 超勁去油漬威力', 23.9, '2023-03-27'),
(147, 2, 3, ' 滴潔-  滴潔洗潔精-清新檸檬800ML 800ML', 24.9, '2023-03-27'),
(148, 3, 1, '刀嘜 金裝濃香花生油 (優惠裝) 900MLX4', 137.9, '2023-03-27'),
(149, 3, 2, '刀嘜 - 刀嘜金裝濃香花生油900MLX4', 141.9, '2023-03-27'),
(150, 3, 3, ' 刀嘜  金裝濃香花生油 (隨機發貨) 4X900ML', 145.9, '2023-03-27'),
(151, 4, 1, '金象牌 頂上茉莉香米 8KG', 94.9, '2023-03-27'),
(152, 4, 2, '金象牌 - 頂上茉莉香米 8公斤 #金象#金象牌#香米#米#煮食#煮飯#煲仔飯', 110.9, '2023-03-27'),
(153, 4, 3, ' 金象牌  頂上茉莉香米 8KG', 112.9, '2023-03-27'),
(154, 5, 1, '李錦記 套裝-特鮮生抽 500MLX3', 25.5, '2023-03-27'),
(155, 5, 2, '李錦記 - 特鮮生抽 優惠裝', 26.5, '2023-03-27'),
(156, 5, 3, ' 李錦記  特鮮生抽三支裝 PACK', 27, '2023-03-27'),
(157, 6, 1, '維達 4D DELUXE 4層立體壓花衛生紙-爽身粉淡香(原箱單卷裝) 27\'S', 82, '2023-03-27'),
(158, 6, 2, '維達 - [原箱27卷] 4D Deluxe 4層立體壓花衛生紙單卷裝 #紙巾#廁紙#無香#棉柔觸感#網店獨家', 80.9, '2023-03-27'),
(159, 6, 3, ' 維達  維達4D立體壓花4層衞生紙27卷裝(原箱) 27s', 89, '2023-03-27'),
(160, 7, 1, '花王潔霸 抗菌超濃縮洗衣液(優惠孖裝) 2LX2', 89, '2023-03-27'),
(161, 7, 2, '潔霸 - [優惠孖裝] 抗菌超濃縮洗衣液', 65.9, '2023-03-27'),
(162, 1, 1, '滴露 消毒藥水 1.2L', 89.9, '2023-03-31'),
(163, 1, 2, '滴露 - 滴露消毒藥水 1.2L', 80.9, '2023-03-31'),
(164, 1, 3, ' 滴露  消毒藥水 1200ML', 89.9, '2023-03-31'),
(165, 2, 1, '滴潔 清新檸檬洗潔精 超勁去油漬威力 800ML', 23.9, '2023-03-31'),
(166, 2, 2, '滴潔 - 清新檸檬洗潔精 超勁去油漬威力', 23.9, '2023-03-31'),
(167, 2, 3, ' 滴潔-  滴潔洗潔精-清新檸檬800ML 800ML', 24.9, '2023-03-31'),
(168, 3, 1, '刀嘜 金裝濃香花生油 (優惠裝) 900MLX4', 137.9, '2023-03-31'),
(169, 3, 2, '刀嘜 - 刀嘜金裝濃香花生油900MLX4', 137.9, '2023-03-31'),
(170, 3, 3, ' 刀嘜  金裝濃香花生油 (隨機發貨) 4X900ML', 137.9, '2023-03-31'),
(171, 4, 1, '金象牌 頂上茉莉香米 8KG', 94.9, '2023-03-31'),
(172, 4, 2, '金象牌 - 頂上茉莉香米 8公斤 #金象#金象牌#香米#米#煮食#煮飯#煲仔飯', 110.9, '2023-03-31'),
(173, 4, 3, ' 金象牌  頂上茉莉香米 8KG', 106.9, '2023-03-31'),
(174, 5, 1, '李錦記 套裝-特鮮生抽 500MLX3', 25.5, '2023-03-31'),
(175, 5, 2, '李錦記 - 特鮮生抽 優惠裝', 26.5, '2023-03-31'),
(176, 5, 3, ' 李錦記  特鮮生抽三支裝 PACK', 27, '2023-03-31'),
(177, 6, 1, '維達 4D DELUXE 4層立體壓花衛生紙-爽身粉淡香(原箱單卷裝) 27\'S', 82, '2023-03-31'),
(178, 6, 2, '維達 - [原箱27卷] 4D Deluxe 4層立體壓花衛生紙單卷裝 #紙巾#廁紙#無香#棉柔觸感#網店獨家', 79, '2023-03-31'),
(179, 6, 3, ' 維達  維達4D立體壓花4層衞生紙27卷裝(原箱) 27s', 89, '2023-03-31'),
(180, 7, 1, '花王潔霸 抗菌超濃縮洗衣液(優惠孖裝) 2LX2', 89, '2023-03-31'),
(181, 7, 2, '潔霸 - [優惠孖裝] 抗菌超濃縮洗衣液', 65.9, '2023-03-31'),
(182, 1, 1, '滴露 消毒藥水 1.2L', 89.9, '2023-04-06'),
(183, 1, 2, '滴露 - 滴露消毒藥水 1.2L', 79.9, '2023-04-06'),
(184, 1, 3, ' 滴露  消毒藥水 1200ML', 89.9, '2023-04-06'),
(185, 2, 1, '滴潔 清新檸檬洗潔精 超勁去油漬威力 800ML', 23.9, '2023-04-06'),
(186, 2, 2, '滴潔 - 清新檸檬洗潔精 超勁去油漬威力', 23.9, '2023-04-06'),
(187, 2, 3, ' 滴潔-  滴潔洗潔精-清新檸檬800ML 800ML', 24.9, '2023-04-06'),
(188, 3, 1, '刀嘜 金裝濃香花生油 (優惠裝) 900MLX4', 137.9, '2023-04-06'),
(189, 3, 2, '刀嘜 - 刀嘜金裝濃香花生油900MLX4', 141.9, '2023-04-06'),
(190, 3, 3, ' 刀嘜  金裝濃香花生油 (隨機發貨) 4X900ML', 137.9, '2023-04-06'),
(191, 4, 1, '金象牌 頂上茉莉香米 8KG', 102.9, '2023-04-06'),
(192, 4, 2, '金象牌 - 頂上茉莉香米 8公斤 #金象#金象牌#香米#米#煮食#煮飯#煲仔飯', 110.9, '2023-04-06'),
(193, 4, 3, ' 金象牌  頂上茉莉香米 8KG', 106.9, '2023-04-06'),
(194, 5, 1, '李錦記 套裝-特鮮生抽 500MLX3', 25.5, '2023-04-06'),
(195, 5, 2, '李錦記 - 特鮮生抽 優惠裝', 26.5, '2023-04-06'),
(196, 5, 3, ' 李錦記  特鮮生抽三支裝 PACK', 28.9, '2023-04-06'),
(197, 6, 1, '維達 4D DELUXE 4層立體壓花衛生紙-爽身粉淡香(原箱單卷裝) 27\'S', 85, '2023-04-06'),
(198, 6, 2, '維達 - [原箱27卷] 4D Deluxe 4層立體壓花衛生紙單卷裝 #紙巾#廁紙#無香#棉柔觸感#網店獨家', 79, '2023-04-06'),
(199, 6, 3, ' 維達  維達4D立體壓花4層衞生紙27卷裝(原箱) 27s', 89, '2023-04-06'),
(200, 7, 1, '花王潔霸 抗菌超濃縮洗衣液(優惠孖裝) 2LX2', 89, '2023-04-06'),
(201, 7, 2, '潔霸 - [優惠孖裝] 抗菌超濃縮洗衣液', 65.9, '2023-04-06'),
(202, 1, 1, '滴露 消毒藥水 1.2L', 89.9, '2023-04-06'),
(203, 1, 2, '滴露 - 滴露消毒藥水 1.2L', 79.9, '2023-04-06'),
(204, 1, 3, ' 滴露  消毒藥水 1200ML', 89.9, '2023-04-06'),
(205, 2, 1, '滴潔 清新檸檬洗潔精 超勁去油漬威力 800ML', 23.9, '2023-04-06'),
(206, 2, 2, '滴潔 - 清新檸檬洗潔精 超勁去油漬威力', 23.9, '2023-04-06'),
(207, 2, 3, ' 滴潔-  滴潔洗潔精-清新檸檬800ML 800ML', 24.9, '2023-04-06'),
(208, 3, 1, '刀嘜 金裝濃香花生油 (優惠裝) 900MLX4', 137.9, '2023-04-06'),
(209, 3, 2, '刀嘜 - 刀嘜金裝濃香花生油900MLX4', 141.9, '2023-04-06'),
(210, 3, 3, ' 刀嘜  金裝濃香花生油 (隨機發貨) 4X900ML', 137.9, '2023-04-06'),
(211, 4, 1, '金象牌 頂上茉莉香米 8KG', 102.9, '2023-04-06'),
(212, 4, 2, '金象牌 - 頂上茉莉香米 8公斤 #金象#金象牌#香米#米#煮食#煮飯#煲仔飯', 110.9, '2023-04-06'),
(213, 4, 3, ' 金象牌  頂上茉莉香米 8KG', 106.9, '2023-04-06'),
(214, 5, 1, '李錦記 套裝-特鮮生抽 500MLX3', 25.5, '2023-04-06'),
(215, 5, 2, '李錦記 - 特鮮生抽 優惠裝', 26.5, '2023-04-06'),
(216, 5, 3, ' 李錦記  特鮮生抽三支裝 PACK', 28.9, '2023-04-06'),
(217, 6, 1, '維達 4D DELUXE 4層立體壓花衛生紙-爽身粉淡香(原箱單卷裝) 27\'S', 85, '2023-04-06'),
(218, 6, 2, '維達 - [原箱27卷] 4D Deluxe 4層立體壓花衛生紙單卷裝 #紙巾#廁紙#無香#棉柔觸感#網店獨家', 79, '2023-04-06'),
(219, 6, 3, ' 維達  維達4D立體壓花4層衞生紙27卷裝(原箱) 27s', 89, '2023-04-06'),
(220, 7, 1, '花王潔霸 抗菌超濃縮洗衣液(優惠孖裝) 2LX2', 89, '2023-04-06'),
(221, 7, 2, '潔霸 - [優惠孖裝] 抗菌超濃縮洗衣液', 65.9, '2023-04-06'),
(222, 1, 1, '滴露 消毒藥水 1.2L', 89.9, '2023-04-13'),
(223, 1, 2, '滴露 - 滴露消毒藥水 1.2L', 89.9, '2023-04-13'),
(224, 1, 3, ' 滴露  消毒藥水 1200ML', 89.9, '2023-04-13'),
(225, 2, 1, '滴潔 清新檸檬洗潔精 超勁去油漬威力 800ML', 23.9, '2023-04-13'),
(226, 2, 2, '滴潔 - 清新檸檬洗潔精 超勁去油漬威力', 23.9, '2023-04-13'),
(227, 2, 3, ' 滴潔-  滴潔洗潔精-清新檸檬800ML 800ML', 24.9, '2023-04-13'),
(228, 3, 1, '刀嘜 金裝濃香花生油 (優惠裝) 900MLX4', 137.9, '2023-04-13'),
(229, 3, 2, '刀嘜 - 刀嘜金裝濃香花生油900MLX4', 141.9, '2023-04-13'),
(230, 3, 3, ' 刀嘜  金裝濃香花生油 (隨機發貨) 4X900ML', 137.9, '2023-04-13'),
(231, 4, 1, '金象牌 頂上茉莉香米 8KG', 106.9, '2023-04-13'),
(232, 4, 2, '金象牌 - 頂上茉莉香米 8公斤 #金象#金象牌#香米#米#煮食#煮飯#煲仔飯', 110.9, '2023-04-13'),
(233, 4, 3, ' 金象牌  頂上茉莉香米 8KG', 106.9, '2023-04-13'),
(234, 5, 1, '李錦記 套裝-特鮮生抽 500MLX3', 25.5, '2023-04-13'),
(235, 5, 2, '李錦記 - 特鮮生抽 優惠裝', 26.5, '2023-04-13'),
(236, 5, 3, ' 李錦記  特鮮生抽三支裝 PACK', 28.9, '2023-04-13'),
(237, 6, 1, '維達 4D DELUXE 4層立體壓花衛生紙-爽身粉淡香(原箱單卷裝) 27\'S', 85, '2023-04-13'),
(238, 6, 2, '維達 - [原箱27卷] 4D Deluxe 4層立體壓花衛生紙單卷裝 #紙巾#廁紙#無香#棉柔觸感#網店獨家', 80.9, '2023-04-13'),
(239, 6, 3, ' 維達  維達4D立體壓花4層衞生紙27卷裝(原箱) 27s', 85, '2023-04-13'),
(240, 7, 1, '花王潔霸 抗菌超濃縮洗衣液(優惠孖裝) 2LX2', 89, '2023-04-13'),
(241, 7, 2, '潔霸 - [優惠孖裝] 抗菌超濃縮洗衣液', 65.9, '2023-04-13'),
(246, 1, 1, '滴露 消毒藥水 1.2L', 89.9, '2023-04-23'),
(247, 1, 2, '滴露 - 滴露消毒藥水 1.2L', 89.9, '2023-04-23'),
(248, 1, 3, ' 滴露  消毒藥水 1200ML', 89.9, '2023-04-23'),
(249, 2, 1, '滴潔 清新檸檬洗潔精 超勁去油漬威力 800ML', 23.9, '2023-04-23'),
(250, 2, 2, '滴潔 - 清新檸檬洗潔精 超勁去油漬威力', 23.9, '2023-04-23'),
(251, 2, 3, ' 滴潔-  滴潔洗潔精-清新檸檬800ML 800ML', 24.9, '2023-04-23'),
(252, 3, 1, '刀嘜 金裝濃香花生油 (優惠裝) 900MLX4', 146.9, '2023-04-23'),
(253, 3, 2, '刀嘜 - 刀嘜金裝濃香花生油900MLX4', 141.9, '2023-04-23'),
(254, 3, 3, ' 刀嘜  金裝濃香花生油 (隨機發貨) 4X900ML', 134.9, '2023-04-23'),
(255, 4, 1, '金象牌 頂上茉莉香米 8KG', 97.9, '2023-04-23'),
(256, 4, 2, '金象牌 - 頂上茉莉香米 8公斤 #金象#金象牌#香米#米#煮食#煮飯#煲仔飯', 106.9, '2023-04-23'),
(257, 4, 3, ' 金象牌  頂上茉莉香米 8KG', 103.9, '2023-04-23'),
(258, 5, 1, '李錦記 套裝-特鮮生抽 500MLX3', 25.5, '2023-04-23'),
(259, 5, 2, '李錦記 - 特鮮生抽 優惠裝', 29.9, '2023-04-23'),
(260, 5, 3, ' 李錦記  特鮮生抽三支裝 PACK', 28.9, '2023-04-23'),
(261, 6, 1, '維達 4D DELUXE 4層立體壓花衛生紙-爽身粉淡香(原箱單卷裝) 27\'S', 85, '2023-04-23'),
(262, 6, 2, '維達 - [原箱27卷] 4D Deluxe 4層立體壓花衛生紙單卷裝 #紙巾#廁紙#無香#棉柔觸感#網店獨家', 79, '2023-04-23'),
(263, 6, 3, ' 維達  維達4D立體壓花4層衞生紙27卷裝(原箱) 27s', 99.9, '2023-04-23'),
(264, 7, 1, '花王潔霸 抗菌超濃縮洗衣液(優惠孖裝) 2LX2', 89, '2023-04-23'),
(265, 7, 2, '潔霸 - [優惠孖裝] 抗菌超濃縮洗衣液', 65.9, '2023-04-23'),
(266, 1, 1, '滴露 消毒藥水 1.2L', 89.9, '2023-04-27'),
(267, 1, 2, '滴露 - 滴露消毒藥水 1.2L', 89.9, '2023-04-27'),
(268, 1, 3, ' 滴露  消毒藥水 1200ML', 89.9, '2023-04-27'),
(269, 2, 1, '滴潔 清新檸檬洗潔精 超勁去油漬威力 800ML', 23.9, '2023-04-27'),
(270, 2, 2, '滴潔 - 清新檸檬洗潔精 超勁去油漬威力', 23.9, '2023-04-27'),
(271, 3, 1, '刀嘜 金裝濃香花生油 (優惠裝) 900MLX4', 137.9, '2023-04-27'),
(272, 3, 2, '刀嘜 - 刀嘜金裝濃香花生油900MLX4', 137.9, '2023-04-27'),
(273, 3, 3, ' 刀嘜  金裝濃香花生油 (隨機發貨) 4X900ML', 134.9, '2023-04-27'),
(274, 4, 1, '金象牌 頂上茉莉香米 8KG', 138.9, '2023-04-27'),
(275, 4, 2, '金象牌 - 頂上茉莉香米 8公斤 #金象#金象牌#香米#米#煮食#煮飯#煲仔飯', 106.9, '2023-04-27'),
(276, 4, 3, ' 金象牌  頂上茉莉香米 8KG', 103.9, '2023-04-27'),
(277, 5, 1, '李錦記 套裝-特鮮生抽 500MLX3', 25.5, '2023-04-27'),
(278, 5, 2, '李錦記 - 特鮮生抽 優惠裝', 29.9, '2023-04-27'),
(279, 6, 1, '維達 4D DELUXE 4層立體壓花衛生紙-爽身粉淡香(原箱單卷裝) 27\'S', 85, '2023-04-27'),
(280, 6, 2, '維達 - [原箱27卷] 4D Deluxe 4層立體壓花衛生紙單卷裝 #紙巾#廁紙#無香#棉柔觸感#網店獨家', 80.9, '2023-04-27'),
(281, 7, 1, '花王潔霸 抗菌超濃縮洗衣液(優惠孖裝) 2LX2', 89, '2023-04-27'),
(282, 7, 2, '潔霸 - [優惠孖裝] 抗菌超濃縮洗衣液', 65.9, '2023-04-27');

-- --------------------------------------------------------

--
-- 資料表結構 `supermarket`
--

CREATE TABLE `supermarket` (
  `id` int(10) NOT NULL,
  `name` varchar(100) CHARACTER SET utf8 COLLATE utf8_bin NOT NULL
) ENGINE=InnoDB DEFAULT CHARSET=latin1;

--
-- 資料表的匯出資料 `supermarket`
--

INSERT INTO `supermarket` (`id`, `name`) VALUES
(1, 'ZTORE'),
(2, 'HKTVmall'),
(3, 'PARKNSHOP');

-- --------------------------------------------------------

--
-- 資料表結構 `type`
--

CREATE TABLE `type` (
  `id` int(100) NOT NULL,
  `name` varchar(100) CHARACTER SET utf8 COLLATE utf8_bin NOT NULL
) ENGINE=InnoDB DEFAULT CHARSET=latin1;

--
-- 資料表的匯出資料 `type`
--

INSERT INTO `type` (`id`, `name`) VALUES
(1, '消毒藥水'),
(2, '洗潔精'),
(3, '花生油'),
(4, '米'),
(5, '生抽'),
(6, '衛生紙'),
(7, '洗衣液');

--
-- 已匯出資料表的索引
--

--
-- 資料表索引 `productprice`
--
ALTER TABLE `productprice`
  ADD PRIMARY KEY (`id`),
  ADD KEY `supermarket_id` (`supermarket_id`),
  ADD KEY `type_id` (`type_id`) USING BTREE;

--
-- 資料表索引 `supermarket`
--
ALTER TABLE `supermarket`
  ADD PRIMARY KEY (`id`);

--
-- 資料表索引 `type`
--
ALTER TABLE `type`
  ADD PRIMARY KEY (`id`);

--
-- 在匯出的資料表使用 AUTO_INCREMENT
--

--
-- 使用資料表 AUTO_INCREMENT `productprice`
--
ALTER TABLE `productprice`
  MODIFY `id` int(100) NOT NULL AUTO_INCREMENT, AUTO_INCREMENT=283;

--
-- 使用資料表 AUTO_INCREMENT `supermarket`
--
ALTER TABLE `supermarket`
  MODIFY `id` int(10) NOT NULL AUTO_INCREMENT, AUTO_INCREMENT=4;

--
-- 使用資料表 AUTO_INCREMENT `type`
--
ALTER TABLE `type`
  MODIFY `id` int(100) NOT NULL AUTO_INCREMENT;

--
-- 已匯出資料表的限制(Constraint)
--

--
-- 資料表的 Constraints `productprice`
--
ALTER TABLE `productprice`
  ADD CONSTRAINT `product_id` FOREIGN KEY (`type_id`) REFERENCES `type` (`Id`),
  ADD CONSTRAINT `supermarket_id` FOREIGN KEY (`supermarket_id`) REFERENCES `supermarket` (`id`);
COMMIT;

/*!40101 SET CHARACTER_SET_CLIENT=@OLD_CHARACTER_SET_CLIENT */;
/*!40101 SET CHARACTER_SET_RESULTS=@OLD_CHARACTER_SET_RESULTS */;
/*!40101 SET COLLATION_CONNECTION=@OLD_COLLATION_CONNECTION */;
